"KEY","en","notes","sp","fr","de","it","pt-br"
"CLASS_UNLOCK_MEDIC","「醫師項圈」現已可用！","","¡Ya está disponible el collar de clérigo!","«&nbsp;Collier de Sage&nbsp;» maintenant disponible !","Neues Halsband verfügbar: „Kleriker“!","È ora disponibile il ""Collare del Chierico""!","Nova coleira disponível: ""clérigo""!"
"CLASS_UNLOCK_THIEF","「盜賊項圈」現已可用！","","¡Ya está disponible el collar de ladrón!","«&nbsp;Collier de Fourbe&nbsp;» maintenant disponible !","Neues Halsband verfügbar: „Dieb“!","È ora disponibile il ""Collare del Ladro""!","Nova coleira disponível: ""ladrão""!"
"CLASS_UNLOCK_NECROMANCER","「死靈法師項圈」現已可用！","","¡Ya está disponible el collar de nigromante!","«&nbsp;Collier d'Occultiste&nbsp;» maintenant disponible !","Neues Halsband verfügbar: „Totenbeschwörer“!","È ora disponibile il ""Collare del Necromante""!","Nova coleira disponível: ""necromante""!"
"CLASS_UNLOCK_BUTCHER","「屠夫項圈」現已可用！","","¡Ya está disponible el collar de carnicero!","«&nbsp;Collier de Barbare&nbsp;» maintenant disponible !","Neues Halsband verfügbar: „Schlachter“!","È ora disponibile il ""Collare del Macellaio""!","Nova coleira disponível: ""açougueiro""!"
"CLASS_UNLOCK_PSYCHIC","「念能者項圈」現已可用！","","¡Ya está disponible el collar de ocultista!","«&nbsp;Collier de Médium&nbsp;» maintenant disponible !","Neues Halsband verfügbar: „Medium“!","È ora disponibile il ""Collare dello Psionico""!","Nova coleira disponível: ""psíquico""!"
"CLASS_UNLOCK_TINKERER","「工匠項圈」現已可用！","","¡Ya está disponible el collar de manitas!","«&nbsp;Collier de Scientifique&nbsp;» maintenant disponible !","Neues Halsband verfügbar: „Bastler“!","È ora disponibile il ""Collare dell'Inventore""!","Nova coleira disponível: ""artífice""!"
"CLASS_UNLOCK_DRUID","「德魯伊項圈」現已可用！","","¡Ya está disponible el collar de druida!","«&nbsp;Collier de Druide&nbsp;» maintenant disponible !","Neues Halsband verfügbar: „Druide“!","È ora disponibile il ""Collare del Druido""!","Nova coleira disponível: ""druida""!"
"CLASS_UNLOCK_MONK","「武僧項圈」現已可用！","","¡Ya está disponible el collar de monje!","«&nbsp;Collier de Moine&nbsp;» maintenant disponible !","Neues Halsband verfügbar: „Mönch“!","È ora disponibile il ""Collare del Monaco""!","Nova coleira disponível: ""monge""!"
"CLASS_UNLOCK_JESTER","「小丑項圈」現已可用！","","¡Ya está disponible el collar de bufón!","«&nbsp;Collier de Joker&nbsp;» maintenant disponible !","Neues Halsband verfügbar: „Narr“!","È ora disponibile il ""Collare del Giullare""!","Nova coleira disponível: ""curinga""!"
"","","","","","","",""
"AREA_UNLOCK_SEWERS","你現在可以前往下水道冒險了！","","¡Ya puedes explorar las alcantarillas!","Vous pouvez désormais vous rendre dans les Égouts !","Du kannst jetzt in die Kanalisation aufbrechen!","Ora puoi avventurarti nelle Fogne!","Agora você pode se aventurar no Esgoto!"
"AREA_UNLOCK_JUNKYARD","你現在可以前往廢車場冒險了！","","¡Ya puedes explorar el desguace!","Vous pouvez désormais vous rendre dans la Décharge !","Du kannst jetzt zum Schrottplatz aufbrechen!","Ora puoi avventurarti nella Discarica!","Agora você pode se aventurar no Ferro-Velho!"
"AREA_UNLOCK_CAVES","你現在可以前往洞窟冒險了！","","¡Ya puedes explorar las cuevas!","Vous pouvez désormais vous rendre dans les Grottes !","Du kannst jetzt in die Höhlen aufbrechen!","Ora puoi avventurarti nelle Caverne!","Agora você pode se aventurar nas Cavernas!"
"AREA_UNLOCK_BONEYARD","你現在可以前往骸骨墓地冒險了！","","¡Ya puedes explorar el cementerio!","Vous pouvez désormais vous rendre au Cimetière !","Du kannst jetzt zum Friedhof aufbrechen!","Ora puoi avventurarti nel Cimitero!","Agora você pode se aventurar no Cemitério!"
"AREA_UNLOCK_DESERT","你現在可以前往沙漠冒險了！","","¡Ya puedes explorar el desierto!","Vous pouvez désormais vous rendre dans le Désert !","Du kannst jetzt in die Wüste aufbrechen!","Ora puoi avventurarti nel Deserto!","Agora você pode se aventurar no Deserto!"
"AREA_UNLOCK_CRATER","你現在可以前往隕坑冒險了！","","¡Ya puedes explorar el cráter!","Vous pouvez désormais vous rendre dans le Cratère !","Du kannst jetzt zum Krater aufbrechen!","Ora puoi avventurarti nel Cratere!","Agora você pode se aventurar na Cratera!"
"AREA_UNLOCK_BUNKER","你現在可以前往地堡冒險了！","","¡Ya puedes explorar el búnker!","Vous pouvez désormais vous rendre dans le Bunker !","Du kannst jetzt zum Bunker aufbrechen!","Ora puoi avventurarti nel Bunker!","Agora você pode se aventurar no Bunker!"
"AREA_UNLOCK_CORE","你現在可以前往核心冒險了！","","¡Ya puedes explorar el núcleo!","Vous pouvez désormais vous rendre dans le Noyau !","Du kannst jetzt zum Kern aufbrechen!","Ora puoi avventurarti nel Nucleo!","Agora você pode se aventurar no Núcleo!"
"AREA_UNLOCK_MOON","你現在可以前往月球冒險了！","","¡Ya puedes explorar la luna!","Vous pouvez désormais vous rendre sur la Lune !","Du kannst jetzt zum Mond aufbrechen!","Ora puoi avventurarti sulla Luna!","Agora você pode se aventurar na Lua!"
"AREA_UNLOCK_LAB","你現在可以前往實驗室冒險了！","","¡Ya puedes explorar el laboratorio!","Vous pouvez désormais vous rendre dans le Labo !","Du kannst jetzt zum Labor aufbrechen!","Ora puoi avventurarti nel Laboratorio!","Agora você pode se aventurar no Laboratório!"
"AREA_UNLOCK_ICEAGE","你現在可以前往過去冒險了！","","¡Ya puedes explorar el pasado!","Vous pouvez désormais vous rendre dans le passé !","Du kannst jetzt in die Vergangenheit aufbrechen!","Ora puoi avventurarti nel passato!","Agora você pode se aventurar no passado!"
"AREA_UNLOCK_JURASSIC","你現在可以前往更久遠的過去冒險了！","","¡Ya puedes explorar un pasado más remoto!","Vous pouvez désormais aller plus loin dans le passé !","Du kannst jetzt noch weiter in die Vergangenheit aufbrechen!","Ora puoi avventurarti ancora più indietro nel passato!","Agora você pode se aventurar ainda mais longe no passado!"
"AREA_UNLOCK_FUTURE","你現在可以前往未來冒險了！","","¡Ya puedes explorar el futuro!","Vous pouvez désormais vous rendre dans le futur !","Du kannst jetzt in die Zukunft aufbrechen!","Ora puoi avventurarti nel futuro!","Agora você pode se aventurar no futuro!"
"AREA_UNLOCK_THEEND","你現在可以前往更遙遠的未來冒險了！","","¡Ya puedes explorar un futuro más remoto!","Vous pouvez désormais aller plus loin dans le futur !","Du kannst jetzt noch weiter in die Zukunft aufbrechen!","Ora puoi avventurarti ancora più avanti nel futuro!","Agora você pode se aventurar ainda mais longe no futuro!"
"AREA_UNLOCK_THERIFT","你現在可以前往裂隙冒險了！","","¡Ya puedes explorar la Grieta!","Vous pouvez désormais vous rendre dans la Faille !","Du kannst jetzt in den Riss aufbrechen!","Ora puoi avventurarti nella Fenditura!","Agora você pode se aventurar na Fissura!"
"AREA_UNLOCK_MEATWORLD","你現在可以前往搏動領域冒險了！","","¡Ya puedes explorar el Dominio Palpitante!","Vous pouvez désormais vous rendre dans le Domaine lancinant !","Du kannst jetzt in das Pulsierende Reich aufbrechen!","Ora puoi avventurarti nel Regno Pulsante!","Agora você pode se aventurar no Domínio Pulsante!"
"AREA_UNLOCK_MEATWORLDFULL","搏動之王要求接見你。
你現在可完整進入他的領域！","","El Rey Palpitante solicita tu presencia. ¡Ahora tienes acceso total a su dominio!","Le Roi lancinant a accédé à votre requête. Vous avez désormais accès à tout son domaine !","Der Pulsierende König bittet dich um eine Audienz. Du hast jetzt uneingeschränkten Zugang zu seinem Reich!","Il Re Pulsante richiede la tua presenza. Ora hai completo accesso al suo regno!","O Rei Pulsante solicita sua presença. Agora você possui acesso total ao seu domínio!"
"","","","","","","",""
"AREA_UNLOCK_ENDOFTIME","時光機現在可以前往無限之境了！","","¡La máquina del tiempo ya puede viajar al infinito!","La machine temporelle peut vous mener dans l'Infini !","Die Zeitmaschine kann jetzt in die Unendlichkeit reisen!","La macchina del tempo ora può viaggiare nell'Infinito!","A máquina do tempo agora pode viajar para o Infinito!"
"","","","","","","",""
"QUEST_BEGIN_THROBBINGGRISTLE","「搏動軟骨」已找到並加入任務道具！","","¡Has encontrado el cartílago palpitante y se ha añadido a los objetos de misión!","«&nbsp;Cartilage lancinant&nbsp;» trouvé et ajouté aux objets de quête !","„Pulsierender Knorpel“ gefunden und den Questgegenständen hinzugefügt!","Hai trovato la ""Cartilagine Pulsante"" e l'hai aggiunta agli oggetti della missione!","A ""cartilagem pulsante"" foi encontrada e adicionada aos seus itens de missão!"
"QUEST_BEGIN_PUTRIDLEECH","「腐爛水蛭」已找到並加入任務道具！","","¡Has encontrado la sanguijuela putrefacta y se ha añadido a los objetos de misión!","«&nbsp;Sangsue putride&nbsp;» trouvée et ajoutée aux objets de quête !","„Verfaulter Blutegel“ gefunden und den Questgegenständen hinzugefügt!","Hai trovato la ""Sanguisuga Putrida"" e l'hai aggiunta agli oggetti della missione!","A ""sanguessuga pútrida"" foi encontrada e adicionada aos seus itens de missão!"
"QUEST_BEGIN_GUILLOTINASHEAD","「Guillotina 的頭」已找到並加入任務道具！","","¡Has encontrado la cabeza de Guillotina y se ha añadido a los objetos de misión!","«&nbsp;Tête de Guillotina&nbsp;» trouvée et ajoutée aux objets de quête !","„Guillotinas Kopf“ gefunden und den Questgegenständen hinzugefügt!","Hai trovato la ""Testa di Ghigliottina"" e l'hai aggiunta agli oggetti della missione!","A ""cabeça de Guilhotina"" foi encontrada e adicionada aos seus itens de missão!"
"","","","","","","",""
"QUEST_BEGIN_SCALDINGORB","「灼熱寶珠」已找到並加入任務道具！","","¡Has encontrado el orbe abrasador y se ha añadido a los objetos de misión!","«&nbsp;Orbe brûlant&nbsp;» trouvé et ajouté aux objets de quête !","„Siedende Kugel“ gefunden und den Questgegenständen hinzugefügt!","Hai trovato la ""Sfera Rovente"" e l'hai aggiunta agli oggetti della missione!","O ""orbe escaldante"" foi encontrado e adicionado aos seus itens de missão!"
"QUEST_BEGIN_BLACKSHARD","「黑色碎片」已找到並加入任務道具！","","¡Has encontrado el fragmento negro y se ha añadido a los objetos de misión!","«&nbsp;Sombréclat&nbsp;» trouvé et ajouté aux objets de quête !","„Schwarzer Splitter“ gefunden und den Questgegenständen hinzugefügt!","Hai trovato il ""Frammento Nero"" e l'hai aggiunta agli oggetti della missione!","O ""fragmento negro"" foi encontrado e adicionado aos seus itens de missão!"
"QUEST_BEGIN_PYROPHINASCOLLAR","普羅菲娜 感謝你協助她擊敗 扎拉塔娜！
「普羅菲娜 的項圈」已加入任務道具！","","Pyrophina te da las gracias por haberla ayudado a derrotar a Zaratana.
¡Se ha añadido el collar de Pyrophina a los objetos de misión!","Pyrophina vous remercie de l'avoir aidée à vaincre Zaratana ! «&nbsp;Collier de Pyrophina&nbsp;» ajouté aux objets de quête !","Pyrophina dankt dir dafür, dass du ihr geholfen hast, Zaratana zu besiegen!
„Pyrophinas Halsband“ wurde den Questgegenständen hinzugefügt!","Pyrophina ti ringrazia per averla aiutata a sconfiggere Zaratana!
Hai aggiunto il ""Collare di Pyrophina"" agli oggetti della missione!","Pyrophina agradece por você tê-la ajudado a derrotar Zaratana!
A ""coleira de Pyrophina"" foi adicionada aos itens de missão!"
"QUEST_BEGIN_ZARATANASCOLLAR","扎拉塔娜 感謝你協助她擊敗 普羅菲娜！
「扎拉塔娜 的項圈」已加入任務道具！","","Zaratana te da las gracias por haberla ayudado a derrotar a Pyrophina.
¡Se ha añadido el collar de Zaratana a los objetos de misión!","Zaratana vous remercie de l'avoir aidée à vaincre Pyrophina ! «&nbsp;Collier de Zaratana&nbsp;» ajouté aux objets de quête !","Zaratana dankt dir dafür, dass du ihr geholfen hast, Pyrophina zu besiegen!
„Zaratanas Halsband“ wurde den Questgegenständen hinzugefügt!","Zaratana ti ringrazia per averla aiutata a sconfiggere Pyrophina!
Hai aggiunto il ""Collare di Zaratana"" agli oggetti della missione!","Zaratana agradece por você tê-la ajudado a derrotar Pyrophina!
A ""coleira de Zaratana"" foi adicionada aos itens de missão!"
"","","","","","","",""
"QUEST_BEGIN_COOLER","「低溫時間艙」已加入任務道具！","","¡Se ha añadido la cámara temporal criogénica a los objetos de misión!","«&nbsp;Cryocapsule temporelle&nbsp;» trouvée et ajoutée aux objets de quête !","„Kryogene Zeitkammer“ wurde den Questgegenständen hinzugefügt!","Hai aggiunto la ""Camera del Tempo Criogenica"" agli oggetti della missione!","A ""câmara criogênica de tempo"" foi adicionada aos itens de missão!"
"","","","","","","",""
"QUEST_BEGIN_RECEIVER","「接收天線」已找到並加入任務道具！","","¡Has encontrado la antena receptora y se ha añadido a los objetos de misión!","«&nbsp;Antenne réceptrice&nbsp;» trouvée et ajoutée aux objets de quête !","„Empfängerantenne“ gefunden und den Questgegenständen hinzugefügt!","Hai trovato l'oggetto ""Antenna Ricevitrice"" e l'hai aggiunta agli oggetti della missione!","A ""antena receptora"" foi encontrada e adicionada aos itens de missão!"
"QUEST_BEGIN_TRANSMITTER","「發射天線」已找到並加入任務道具！","","¡Has encontrado la antena transmisora y se ha añadido a los objetos de misión!","«&nbsp;Antenne émettrice&nbsp;» trouvée et ajoutée aux objets de quête !","„Sendeantenne“ gefunden und den Questgegenständen hinzugefügt!","Hai trovato l'oggetto ""Antenna Trasmittente"" e l'hai aggiunta agli oggetti della missione!","A ""antena transmissora"" foi encontrada e adicionada aos itens de missão!"
"QUEST_BEGIN_AMPLIFIER","「訊號放大器」已找到並加入任務道具！","","¡Has encontrado el amplificador de señal y se ha añadido a los objetos de misión!","«&nbsp;Amplificateur de signal&nbsp;» trouvé et ajouté aux objets de quête !","„Signalverstärker“ gefunden und den Questgegenständen hinzugefügt!","Hai trovato l'oggetto ""Amplificatore di Segnale"" e l'hai aggiunto agli oggetti della missione!","O ""amplificador de sinal"" foi encontrado e adicionado aos itens de missão!"
"","","","","","","",""
"QUEST_BEGIN_JAR","「輻射罐!」已加入任務道具！","","¡Se ha añadido el tarro de radiación a los objetos de misión!","«&nbsp;Bocal irradié&nbsp;» trouvé et ajouté aux objets de quête !","„Verstrahltes Glas!“ wurde den Questgegenständen hinzugefügt!","Hai aggiunto il ""Barattolo delle Radiazioni"" agli oggetti della missione!","O ""pote de radiação"" foi adicionado aos itens de missão!"
"QUEST_BEGIN_NUKE","「核彈」已加入任務道具！","","¡Se ha añadido el arma nuclear a los objetos de misión!","«&nbsp;Ogive&nbsp;» trouvée et ajoutée aux objets de quête !","„Atombombe“ wurde den Questgegenständen hinzugefügt!","Hai aggiunto la ""Bomba Atomica"" agli oggetti della missione!","A ""bomba nuclear"" foi adicionada aos itens de missão!"
"","","","","","","",""
"ABILITY_UNLOCK_FIGHTER","鬥士現在可以學習「Pawbreaker」！","","¡Ahora los luchadores pueden aprender Rompepatas!","Les Pugilistes peuvent désormais apprendre «&nbsp;Briseur de patte&nbsp;» !","Krieger können jetzt „Pfotenbrecher“ lernen!","Ora i guerrieri possono imparare ""Spezzazampa""!","Agora lutadores podem aprender ""Quebra-Patas""!"
"ABILITY_UNLOCK_HUNTER","獵人現在可以學習「蜘蛛球」！","","¡Ahora los cazadores pueden aprender Bola de arañas!","Les Sentinelles peuvent désormais apprendre «&nbsp;Boule d'araignées&nbsp;» !","Jäger können jetzt „Spinnenball“ lernen!","Ora i cacciatori possono imparare ""Palla di Ragni""!","Agora caçadores podem aprender ""Bola de Aranhas""!"
"ABILITY_UNLOCK_MAGE","法師現在可以學習「超級光束」！","","¡Ahora los magos pueden aprender Hiperrayo!","Les Mages peuvent désormais apprendre «&nbsp;Méga rayon&nbsp;» !","Magier können jetzt „Hyperstrahl“ lernen!","Ora i maghi possono imparare ""Iper-Raggio""!","Agora magos podem aprender ""Hiper Raio""!"
"ABILITY_UNLOCK_MEDIC","醫師現在可以學習「靈化」！","","¡Ahora los clérigos pueden aprender Etéreo!","Les Sages peuvent désormais apprendre «&nbsp;Céleste&nbsp;» !","Kleriker können jetzt „Ätherisch“ lernen!","Ora i chierici possono imparare ""Etereo""!","Agora clérigos podem aprender ""Etéreo""!"
"ABILITY_UNLOCK_THIEF","盜賊現在可以學習「釘雨」！","","¡Ahora los ladrones pueden aprender Lluvia de clavos!","Les Montes-en-l'air peuvent désormais apprendre «&nbsp;Pluie de clous&nbsp;» !","Diebe können jetzt „Nagelfurie“ lernen!","Ora i ladri possono imparare ""Raffica di Chiodi""!","Agora ladrões podem aprender ""Salva de Pregos""!"
"ABILITY_UNLOCK_TANK","坦克現在可以學習「背摔」！","","¡Ahora los tanques pueden aprender Súplex!","Les Tanks peuvent désormais apprendre «&nbsp;Suplex&nbsp;» !","Tanks können jetzt „Suplex“ lernen!","Ora i corazzati possono imparare ""Suplex""!","Agora tanques podem aprender ""Suplex""!"
"ABILITY_UNLOCK_NECROMANCER","死靈法師現在可以學習「召喚暗影」！","","¡Ahora los nigromantes pueden aprender Invocación de sombra!","Les Occultistes peuvent désormais apprendre «&nbsp;Invocation d'ombres&nbsp;» !","Totenbeschwörer können jetzt „Schatten beschwören“ lernen!","Ora i necromanti possono imparare ""Evoca Ombra""!","Agora necromantes podem aprender ""Invocar Sombra""!"
"ABILITY_UNLOCK_PSYCHIC","念能者現在可以學習「超新星」！","","¡Ahora los ocultistas pueden aprender Supernova!","Les Médiums peuvent désormais apprendre «&nbsp;Supernova&nbsp;» !","Medien können jetzt „Supernova“ lernen!","Ora gli psionici possono imparare ""Supernova""!","Agora psíquicos podem aprender ""Supernova""!"
"ABILITY_UNLOCK_TINKERER","工匠現在可以學習「機甲套裝」！","","¡Ahora los manitas pueden aprender Traje robótico!","Les Scientifiques peuvent désormais apprendre «&nbsp;Costume mécha&nbsp;» !","Bastler können jetzt „Mechanzug“ lernen!","Ora gli inventori possono imparare ""Tuta per Mech""!","Agora artífices podem aprender ""Traje Mecha""!"
"ABILITY_UNLOCK_BUTCHER","屠夫現在可以學習「切切切」！","","¡Ahora los carniceros pueden aprender Cortar y trocear!","Les Barbares peuvent désormais apprendre «&nbsp;Julienne&nbsp;» !","Schlachter können jetzt „Zurechtstutzen“ lernen!","Ora i macellai possono imparare ""Affettamento""!","Agora açougueiros podem aprender ""Fatiar e Picar""!"
"ABILITY_UNLOCK_DRUID","德魯伊現在可以學習「召喚熊」！","","¡Ahora los druidas pueden aprender Invocación de oso!","Les Druides peuvent désormais apprendre «&nbsp;Invocation d'ours&nbsp;» !","Druiden können jetzt „Bär beschwören“ lernen!","Ora i druidi possono imparare ""Evoca Orso""!","Agora druidas podem aprender ""Invocar Urso""!"
"ABILITY_UNLOCK_MONK","武僧現在可以學習「百裂掌」！","","¡Ahora los monjes pueden aprender Golpe de cien manos!","Les Moines peuvent désormais apprendre «&nbsp;Gifle de cent mains&nbsp;» !","Mönche können jetzt „Hundert Hände“ lernen!","Ora i monaci possono imparare ""Schiaffo delle Cento Mani!""","Agora monges podem aprender ""Tapa de Cem Mãos""!"
"ABILITY_UNLOCK_COLORLESS","所有貓咪現在都可以學習「節拍器」！","","¡Ahora todos los gatos pueden aprender Metrónomo!","Tous les chats peuvent désormais apprendre «&nbsp;Métronome&nbsp;» !","Alle Katzen können jetzt „Metronom“ lernen!","Ora tutti i gatti possono imparare ""Metronomo""!","Agora todos os gatos podem aprender ""Metrônomo""!"
"ABILITY_UNLOCK_JESTER","小丑又學會了更多花招！","","¡Los bufones tienen algunos ases más en la manga!","Les Jokers ont encore plus de tours dans leur sac !","Narren haben jetzt neue Kunststücke im Repertoire!","I giullari hanno qualche altro asso nella manica!","Agora curingas possuem mais truques na manga!"
"","","","","","","",""
"PASSIVE_UNLOCK_FIGHTER","鬥士現在可以學習「雙持」！","","¡Ahora los luchadores pueden aprender Multiarma!","Les Pugilistes peuvent désormais apprendre «&nbsp;Coup double&nbsp;» !","Krieger können jetzt „Doppelwaffen“ lernen!","Ora i guerrieri possono imparare ""Doppia Impugnatura""!","Agora lutadores podem aprender ""Empunhadura Dupla""!"
"PASSIVE_UNLOCK_HUNTER","獵人現在可以學習「狩獵快感」！","","¡Ahora los cazadores pueden aprender Exaltación de la caza!","Les Sentinelles peuvent désormais apprendre «&nbsp;Frisson de la chasse&nbsp;» !","Jäger können jetzt „Jagdrausch“ lernen!","Ora i cacciatori possono imparare ""Brivido della Caccia""!","Agora caçadores podem aprender ""Emoção da Caçada""!"
"PASSIVE_UNLOCK_MAGE","法師現在可以學習「三重」！","","¡Ahora los magos pueden aprender Tres!","Les Mages peuvent désormais apprendre «&nbsp;Trois&nbsp;» !","Magier können jetzt „Drei“ lernen!","Ora i maghi possono imparare ""Tre""!","Agora magos podem aprender ""Três""!"
"PASSIVE_UNLOCK_MEDIC","醫師現在可以學習「邪惡庇護」！","","¡Ahora los clérigos pueden aprender Patrón malvado!","Les Sages peuvent désormais apprendre «&nbsp;Divinité maléfique&nbsp;» !","Kleriker können jetzt „Bösartiger Schutzpatron“ lernen!","Ora i chierici possono imparare ""Mecenate Crudele""!","Agora clérigos podem aprender ""Patrono Maligno""!"
"PASSIVE_UNLOCK_THIEF","盜賊現在可以學習「先手打擊」！","","¡Ahora los ladrones pueden aprender Primer ataque!","Les Montes-en-l'air peuvent désormais apprendre «&nbsp;Premier assaut&nbsp;» !","Diebe können jetzt „Erstschlag“ lernen!","Ora i ladri possono imparare ""Primo Colpo""!","Agora ladrões podem aprender ""Ataque Alfa""!"
"PASSIVE_UNLOCK_TANK","坦克現在可以學習「保全」！","","¡Ahora los tanques pueden aprender Guardia!","Les Tanks peuvent désormais apprendre «&nbsp;Garde du corps&nbsp;» !","Tanks können jetzt „Türsteher“ lernen!","Ora i corazzati possono imparare ""Rimbalzo""!","Agora tanques podem aprender ""Segurança""!"
"PASSIVE_UNLOCK_NECROMANCER","死靈法師現在可以學習「死亡使徒」！","","¡Ahora los nigromantes pueden aprender Servus mortem!","Les Occultistes peuvent désormais apprendre «&nbsp;Servus Mortem&nbsp;» !","Totenbeschwörer können jetzt „Servus Mortem“ lernen!","Ora i necromanti possono imparare ""Servus Mortem""!","Agora necromantes podem aprender ""Servus Mortem""!"
"PASSIVE_UNLOCK_PSYCHIC","念能者現在可以學習「重力井」！","","¡Ahora los ocultistas pueden aprender Influencia gravitatoria!","Les Médiums peuvent désormais apprendre «&nbsp;Puits de gravité&nbsp;» !","Medien können jetzt „Gravitationsbrunnen“ lernen!","Ora gli psionici possono imparare ""Pozzo Gravitazionale""!","Agora psíquicos podem aprender ""Poço de Gravidade""!"
"PASSIVE_UNLOCK_TINKERER","工匠現在可以學習「護甲專家」！","","¡Ahora los manitas pueden aprender Especialista en armaduras!","Les Scientifiques peuvent désormais apprendre «&nbsp;Spécialiste des armures&nbsp;» !","Bastler können jetzt „Rüstungsspezialist“ lernen!","Ora gli inventori possono imparare ""Specialista delle Armature""!","Agora artífices podem aprender ""Especialista em Armaduras""!"
"PASSIVE_UNLOCK_BUTCHER","屠夫現在可以學習「消化不良」！","","¡Ahora los carniceros pueden aprender Indigestión!","Les Barbares peuvent désormais apprendre «&nbsp;Indigestion&nbsp;» !","Schlachter können jetzt „Magenverstimmung“ lernen!","Ora i macellai possono imparare ""Indigestione""!","Agora açougueiros podem aprender ""Indigestão""!"
"PASSIVE_UNLOCK_DRUID","德魯伊現在可以學習「自爆小隊」！","","¡Ahora los druidas pueden aprender Escuadrón suicida!","Les Druides peuvent désormais apprendre «&nbsp;Suicide Squad&nbsp;» !","Druiden können jetzt „Selbstmordkommando“ lernen!","Ora i druidi possono imparare ""Squadra Suicida""!","Agora druidas podem aprender ""Esquadrão Suicida""!"
"PASSIVE_UNLOCK_MONK","武僧現在可以學習「Unstoppable」！","","¡Ahora los monjes pueden aprender Imparable!","Les Moines peuvent désormais apprendre «&nbsp;Inarrêtable&nbsp;» !","Mönche können jetzt „Unaufhaltsam“ lernen!","Ora i monaci possono imparare ""Inarrestabile""!","Agora monges podem aprender ""Imparável""!"
"PASSIVE_UNLOCK_COLORLESS","所有貓咪現在都可以學習「技能共享」！","","¡Ahora todos los gatos pueden aprender Habilidad compartida!","Tous les chats peuvent désormais apprendre «&nbsp;Partage de compétences&nbsp;» !","Alle Katzen können jetzt „Fähigkeiten teilen“ lernen!","Ora tuti i gatti possono imparare ""Condivisione delle Abilità""!","Agora todos os gatos podem aprender ""Compartilhar Habilidade""!"
"PASSIVE_UNLOCK_JESTER","小丑又學會了更多花招！","","¡Los bufones tienen algunos ases más en la manga!","Les Jokers ont encore plus de tours dans leur sac !","Narren haben jetzt neue Kunststücke im Repertoire!","I giullari hanno qualche altro asso nella manica!","Agora curingas possuem mais truques na manga!"
"","","","","","","",""
"ABILITY_UNLOCK_FIGHTER_COLORLESS","所有貓咪現在都可以學習「鬥士之路」！","","¡Ahora todos los gatos pueden aprender Camino del luchador!","Tous les chats peuvent désormais apprendre «&nbsp;Voie des Pugilistes&nbsp;» !","Alle Katzen können jetzt „Der Weg des Kriegers“ lernen!","Ora tutti i gatti possono imparare ""Percorso del Guerriero""!","Agora todos os gatos podem aprender o ""Caminho do Lutador""!"
"ABILITY_UNLOCK_HUNTER_COLORLESS","所有貓咪現在都可以學習「獵人之路」！","","¡Ahora todos los gatos pueden aprender Camino del cazador!","Tous les chats peuvent désormais apprendre «&nbsp;Voies des Sentinelles&nbsp;» !","Alle Katzen können jetzt „Der Weg des Jägers“ lernen!","Ora tutti i gatti possono imparare ""Percorso del Cacciatore""!","Agora todos os gatos podem aprender o ""Caminho do Caçador""!"
"ABILITY_UNLOCK_MAGE_COLORLESS","所有貓咪現在都可以學習「法師之路」！","","¡Ahora todos los gatos pueden aprender Camino del mago!","Tous les chats peuvent désormais apprendre «&nbsp;Voie des Mages&nbsp;» !","Alle Katzen können jetzt „Der Weg des Magiers“ lernen!","Ora tutti i gatti possono imparare ""Percorso del Mago""!","Agora todos os gatos podem aprender o ""Caminho do Mago""!"
"ABILITY_UNLOCK_MEDIC_COLORLESS","所有貓咪現在都可以學習「醫師之路」！","","¡Ahora todos los gatos pueden aprender Camino del clérigo!","Tous les chats peuvent désormais apprendre «&nbsp;Voie des Sages&nbsp;» !","Alle Katzen können jetzt „Der Weg des Klerikers“ lernen!","Ora tutti i gatti possono imparare ""Percorso del Chierico""!","Agora todos os gatos podem aprender o ""Caminho do Clérigo""!"
"ABILITY_UNLOCK_THIEF_COLORLESS","所有貓咪現在都可以學習「盜賊之路」！","","¡Ahora todos los gatos pueden aprender Camino del ladrón!","Tous les chats peuvent désormais apprendre «&nbsp;Voie des Fourbes&nbsp;» !","Alle Katzen können jetzt „Der Weg des Diebes“ lernen!","Ora tutti i gatti possono imparare ""Percorso del Ladro""!","Agora todos os gatos podem aprender o ""Caminho do Ladrão""!"
"ABILITY_UNLOCK_TANK_COLORLESS","所有貓咪現在都可以學習「坦克之路」！","","¡Ahora todos los gatos pueden aprender Camino del tanque!","Tous les chats peuvent désormais apprendre «&nbsp;Voie des Tanks&nbsp;» !","Alle Katzen können jetzt „Der Weg des Tanks“ lernen!","Ora tutti i gatti possono imparare ""Percorso del Corazzato""!","Agora todos os gatos podem aprender o ""Caminho do Tanque""!"
"ABILITY_UNLOCK_NECROMANCER_COLORLESS","所有貓咪現在都可以學習「死靈法師之路」！","","¡Ahora todos los gatos pueden aprender Camino del nigromante!","Tous les chats peuvent désormais apprendre «&nbsp;Voie des Occultistes&nbsp;» !","Alle Katzen können jetzt „Der Weg des Totenbeschwörers“ lernen!","Ora tutti i gatti possono imparare ""Percorso del Necromante""!","Agora todos os gatos podem aprender o ""Caminho do Necromante""!"
"ABILITY_UNLOCK_PSYCHIC_COLORLESS","所有貓咪現在都可以學習「念能者之路」！","","¡Ahora todos los gatos pueden aprender Camino del ocultista!","Tous les chats peuvent désormais apprendre «&nbsp;Voie des Médiums&nbsp;» !","Alle Katzen können jetzt „Der Weg des Mediums“ lernen!","Ora tutti i gatti possono imparare ""Percorso dello Psionico""!","Agora todos os gatos podem aprender o ""Caminho do Psíquico""!"
"ABILITY_UNLOCK_TINKERER_COLORLESS","所有貓咪現在都可以學習「工匠之路」！","","¡Ahora todos los gatos pueden aprender Camino del manitas!","Tous les chats peuvent désormais apprendre «&nbsp;Voie des Scientifiques&nbsp;» !","Alle Katzen können jetzt „Der Weg des Bastlers“ lernen!","Ora tutti i gatti possono imparare ""Percorso dell'Inventore""!","Agora todos os gatos podem aprender o ""Caminho do Artífice""!"
"ABILITY_UNLOCK_BUTCHER_COLORLESS","所有貓咪現在都可以學習「屠夫之路」！","","¡Ahora todos los gatos pueden aprender Camino del carnicero!","Tous les chats peuvent désormais apprendre «&nbsp;Voie des Barbares&nbsp;» !","Alle Katzen können jetzt „Der Weg des Schlachters“ lernen!","Ora tutti i gatti possono imparare ""Percorso del Macellaio""!","Agora todos os gatos podem aprender o ""Caminho do Açougueiro""!"
"ABILITY_UNLOCK_DRUID_COLORLESS","所有貓咪現在都可以學習「德魯伊之路」！","","¡Ahora todos los gatos pueden aprender Camino del druida!","Tous les chats peuvent désormais apprendre «&nbsp;Voie des Druides&nbsp;» !","Alle Katzen können jetzt „Der Weg des Druiden“ lernen!","Ora tutti i gatti possono imparare ""Percorso del Druido""!","Agora todos os gatos podem aprender o ""Caminho do Druida""!"
"ABILITY_UNLOCK_MONK_COLORLESS","所有貓咪現在都可以學習「武僧之路」！","","¡Ahora todos los gatos pueden aprender Camino del monje!","Tous les chats peuvent désormais apprendre «&nbsp;Voie des Moines&nbsp;» !","Alle Katzen können jetzt „Der Weg des Mönchs“ lernen!","Ora tutti i gatti possono imparare ""Percorso del Monaco""!","Agora todos os gatos podem aprender o ""Caminho do Monge""!"
"ABILITY_UNLOCK_COLORLESS_COLORLESS","所有貓咪現在都可以學習「Path of the Void」！","","¡Ahora todos los gatos pueden aprender Camino del vacío!","Tous les chats peuvent désormais apprendre «&nbsp;Voie du vide&nbsp;» !","Alle Katzen können jetzt „Der Weg der Leere“ lernen!","Ora tutti i gatti possono imparare ""Percorso del Vuoto""!","Agora todos os gatos podem aprender o ""Caminho do Vazio""!"
"ABILITY_UNLOCK_JESTER_COLORLESS","所有貓咪現在都可以學習「小丑之路」！","","¡Ahora todos los gatos pueden aprender Camino del bufón!","Tous les chats peuvent désormais apprendre «&nbsp;Voie des Jokers&nbsp;» !","Alle Katzen können jetzt „Der Weg des Narren“ lernen!","Ora tutti i gatti possono imparare ""Percorso del Giullare""!","Agora todos os gatos podem aprender o ""Caminho do Curinga""!"
"","","","","","","",""
"PASSIVE_UNLOCK_FIGHTER_COLORLESS","所有貓咪現在都可以學習「鬥士之魂」！","","¡Ahora todos los gatos pueden aprender Alma de luchador!","Tous les chats peuvent désormais apprendre «&nbsp;Âme de Pugiliste&nbsp;» !","Alle Katzen können jetzt „Seele des Kriegers“ lernen!","Ora tutti i gatti possono imparare ""Anima del Guerriero""!","Agora todos os gatos podem aprender a ""Alma de Lutador""!"
"PASSIVE_UNLOCK_HUNTER_COLORLESS","所有貓咪現在都可以學習「獵人之魂」！","","¡Ahora todos los gatos pueden aprender Alma de cazador!","Tous les chats peuvent désormais apprendre «&nbsp;Âme de Sentinelle&nbsp;» !","Alle Katzen können jetzt „Seele des Jägers“ lernen!","Ora tutti i gatti possono imparare ""Anima del Cacciatore""!","Agora todos os gatos podem aprender a ""Alma de Caçador""!"
"PASSIVE_UNLOCK_MAGE_COLORLESS","所有貓咪現在都可以學習「法師之魂」！","","¡Ahora todos los gatos pueden aprender Alma de mago!","Tous les chats peuvent désormais apprendre «&nbsp;Âme de Mage&nbsp;» !","Alle Katzen können jetzt „Seele des Magiers“ lernen!","Ora tutti i gatti possono imparare ""Anima del Mago""!","Agora todos os gatos podem aprender a ""Alma de Mago""!"
"PASSIVE_UNLOCK_MEDIC_COLORLESS","所有貓咪現在都可以學習「牧師之魂」！","","¡Ahora todos los gatos pueden aprender Alma de clérigo!","Tous les chats peuvent désormais apprendre «&nbsp;Âme de Sage&nbsp;» !","Alle Katzen können jetzt „Seele des Klerikers“ lernen!","Ora tutti i gatti possono imparare ""Anima del Chierico""!","Agora todos os gatos podem aprender a ""Alma de Clérigo""!"
"PASSIVE_UNLOCK_THIEF_COLORLESS","所有貓咪現在都可以學習「盜賊之魂」！","","¡Ahora todos los gatos pueden aprender Alma de ladrón!","Tous les chats peuvent désormais apprendre «&nbsp;Âme de Fourbe&nbsp;» !","Alle Katzen können jetzt „Seele des Diebes“ lernen!","Ora tutti i gatti possono imparare ""Anima del Ladro""!","Agora todos os gatos podem aprender a ""Alma de Ladrão""!"
"PASSIVE_UNLOCK_TANK_COLORLESS","所有貓咪現在都可以學習「坦克之魂」！","","¡Ahora todos los gatos pueden aprender Alma de tanque!","Tous les chats peuvent désormais apprendre «&nbsp;Âme de Tank&nbsp;» !","Alle Katzen können jetzt „Seele des Tanks“ lernen!","Ora tutti i gatti possono imparare ""Anima del Corazzato""!","Agora todos os gatos podem aprender a ""Alma de Tanque""!"
"PASSIVE_UNLOCK_NECROMANCER_COLORLESS","所有貓咪現在都可以學習「死靈法師之魂」！","","¡Ahora todos los gatos pueden aprender Alma de nigromante!","Tous les chats peuvent désormais apprendre «&nbsp;Âme d'Occultiste&nbsp;» !","Alle Katzen können jetzt „Seele des Totenbeschwörers“ lernen!","Ora tutti i gatti possono imparare ""Anima del Necromante""!","Agora todos os gatos podem aprender a ""Alma de Necromante""!"
"PASSIVE_UNLOCK_PSYCHIC_COLORLESS","所有貓咪現在都可以學習「靈能者之魂」！","","¡Ahora todos los gatos pueden aprender Alma de ocultista!","Tous les chats peuvent désormais apprendre «&nbsp;Âme de Médium&nbsp;» !","Alle Katzen können jetzt „Seele des Mediums“ lernen!","Ora tutti i gatti possono imparare ""Anima dello Psionico""!","Agora todos os gatos podem aprender a ""Alma de Psíquico""!"
"PASSIVE_UNLOCK_TINKERER_COLORLESS","所有貓咪現在都可以學習「工匠之魂」！","","¡Ahora todos los gatos pueden aprender Alma de manitas!","Tous les chats peuvent désormais apprendre «&nbsp;Âme de Scientifique&nbsp;» !","Alle Katzen können jetzt „Seele des Bastlers“ lernen!","Ora tutti i gatti possono imparare ""Anima dell'Inventore""!","Agora todos os gatos podem aprender a ""Alma de Artífice""!"
"PASSIVE_UNLOCK_BUTCHER_COLORLESS","所有貓咪現在都可以學習「屠夫之魂」！","","¡Ahora todos los gatos pueden aprender Alma de carnicero!","Tous les chats peuvent désormais apprendre «&nbsp;Âme de Barbare&nbsp;» !","Alle Katzen können jetzt „Seele des Schlachters“ lernen!","Ora tutti i gatti possono imparare ""Anima del Macellaio""!","Agora todos os gatos podem aprender a ""Alma de Açougueiro""!"
"PASSIVE_UNLOCK_DRUID_COLORLESS","所有貓咪現在都可以學習「德魯伊之魂」！","","¡Ahora todos los gatos pueden aprender Alma de druida!","Tous les chats peuvent désormais apprendre «&nbsp;Âme de Druide&nbsp;» !","Alle Katzen können jetzt „Seele des Druiden“ lernen!","Ora tutti i gatti possono imparare ""Anima del Druido""!","Agora todos os gatos podem aprender a ""Alma de Druida""!"
"PASSIVE_UNLOCK_MONK_COLORLESS","所有貓咪現在都可以學習「武僧之魂」！","","¡Ahora todos los gatos pueden aprender Alma de monje!","Tous les chats peuvent désormais apprendre «&nbsp;Âme de Moine&nbsp;» !","Alle Katzen können jetzt „Seele des Mönchs“ lernen!","Ora tutti i gatti possono imparare ""Anima del Monaco""!","Agora todos os gatos podem aprender a ""Alma de Monge""!"
"PASSIVE_UNLOCK_COLORLESS_COLORLESS","所有貓咪現在都可以學習「虛空之魂」！","","¡Ahora todos los gatos pueden aprender Alma del vacío!","Tous les chats peuvent désormais apprendre «&nbsp;Âme vide&nbsp;» !","Alle Katzen können jetzt „Seele der Leere“ lernen!","Ora tutti i gatti possono imparare ""Anima del Vuoto""!","Agora todos os gatos podem aprender a ""Alma de Vácuo""!"
"PASSIVE_UNLOCK_JESTER_COLORLESS","所有貓咪現在都可以學習「小丑之魂」！","","¡Ahora todos los gatos pueden aprender Alma de bufón!","Tous les chats peuvent désormais apprendre «&nbsp;Âme de Joker&nbsp;» !","Alle Katzen können jetzt „Seele des Narren“ lernen!","Ora tutti i gatti possono imparare ""Anima del Giullare""!","Agora todos os gatos podem aprender a ""Alma de Curinga""!"
"","","","","","","",""
"SONG_UNLOCK_ALLEY","「Eatin' Rats」已加入電台播放清單！","","¡Se ha añadido «Eatin' Rats» a la lista de la radio!","Vous pouvez désormais écouter «&nbsp;Mange-rats&nbsp;» à la radio !","„Eatin‘ Rats“ kann jetzt im Radio laufen!","Ora ""Eatin' Rats"" è nella playlist della radio!","""Eatin' Rats"" foi adicionada à lista de reprodução de rádio!"
"SONG_UNLOCK_SEWERS","「Flush」已加入電台播放清單！","","¡Se ha añadido «Flush» a la lista de la radio!","Vous pouvez désormais écouter «&nbsp;Chasse&nbsp;» à la radio !","„Flush“ kann jetzt im Radio laufen!","Ora ""Flush"" è nella playlist della radio!","""Flush"" foi adicionada à lista de reprodução de rádio!"
"SONG_UNLOCK_JUNKYARD","「Chumbucket Kitty」已加入電台播放清單！","","¡Se ha añadido «Chumbucket Kitty» a la lista de la radio!","Vous pouvez désormais écouter «&nbsp;Chaton à la bouillie&nbsp;» à la radio !","„Chumbucket Kitty“ kann jetzt im Radio laufen!","Ora ""Chumbucket Kitty"" è nella playlist della radio!","""Chumbucket Kitty"" foi adicionada à lista de reprodução de rádio!"
"SONG_UNLOCK_CAVES","「Crystalline Dreams」已加入電台播放清單！","","¡Se ha añadido «Crystalline Dreams» a la lista de la radio!","Vous pouvez désormais écouter «&nbsp;Rêves cristallins&nbsp;» à la radio !","„Crystalline Dreams“ kann jetzt im Radio laufen!","Ora ""Crystalline Dreams"" è nella playlist della radio!","""Crystalline Dreams"" foi adicionada à lista de reprodução de rádio!"
"SONG_UNLOCK_BONEYARD","「Them Kitty Bones」已加入電台播放清單！","","¡Se ha añadido «Them Kitty Bones» a la lista de la radio!","Vous pouvez désormais écouter «&nbsp;Os de chaton&nbsp;» à la radio !","„Them Kitty Bones“ kann jetzt im Radio laufen!","Ora ""Them Kitty Bones"" è nella playlist della radio!","""Them Kitty Bones"" foi adicionada à lista de reprodução de rádio!"
"SONG_UNLOCK_MEATWORLD","「Sweet Delicious」已加入電台播放清單！","","¡Se ha añadido «Sweet Delicious» a la lista de la radio!","Vous pouvez désormais écouter «&nbsp;Délicieux et juteux&nbsp;» à la radio !","„Sweet Delicious“ kann jetzt im Radio laufen!","Ora ""Sweet Delicious"" è nella playlist della radio!","""Sweet Delicious"" foi adicionada à lista de reprodução de rádio!"
"SONG_UNLOCK_THROBBINGKING","「Throbbing King」已加入電台播放清單！","","¡Se ha añadido «Throbbing King» a la lista de la radio!","Vous pouvez désormais écouter «&nbsp;Roi lancinant&nbsp;» à la radio !","„Throbbing King“ kann jetzt im Radio laufen!","Ora ""Throbbing King"" è nella playlist della radio!","""Throbbing King"" foi adicionada à lista de reprodução de rádio!"
"SONG_UNLOCK_GUILLOTINA","「Guillotina」已加入電台播放清單！","","¡Se ha añadido «Guillotina» a la lista de la radio!","Vous pouvez désormais écouter «&nbsp;Guillotina&nbsp;» à la radio !","„Guillotina“ kann jetzt im Radio laufen!","Ora ""Guillotina"" è nella playlist della radio!","""Guillotina"" foi adicionada à lista de reprodução de rádio!"
"SONG_UNLOCK_DESERT","「Lonesome Road」已加入電台播放清單！","","¡Se ha añadido «Lonesome Road» a la lista de la radio!","Vous pouvez désormais écouter «&nbsp;Chemin solitaire&nbsp;» à la radio !","„Lonesome Road“ kann jetzt im Radio laufen!","Ora ""Lonesome Road"" è nella playlist della radio!","""Lonesome Road"" foi adicionada à lista de reprodução de rádio!"
"SONG_UNLOCK_CRATER","「Feline Invader」已加入電台播放清單！","","¡Se ha añadido «Feline Invader» a la lista de la radio!","Vous pouvez désormais écouter «&nbsp;Invasion féline&nbsp;» à la radio !","„Feline Invader“ kann jetzt im Radio laufen!","Ora ""Feline Invader"" è nella playlist della radio!","""Feline Invader"" foi adicionada à lista de reprodução de rádio!"
"SONG_UNLOCK_BUNKER","「Alone in the Dark」已加入電台播放清單！","","¡Se ha añadido «Alone in the Dark» a la lista de la radio!","Vous pouvez désormais écouter «&nbsp;Solitaire dans le noir&nbsp;» à la radio !","„Alone in the Dark“ kann jetzt im Radio laufen!","Ora ""Alone in the Dark"" è nella playlist della radio!","""Alone in the Dark"" foi adicionada à lista de reprodução de rádio!"
"SONG_UNLOCK_MOON","「So High」已加入電台播放清單！","","¡Se ha añadido «So High» a la lista de la radio!","Vous pouvez désormais écouter «&nbsp;Mauvais trip&nbsp;» à la radio !","„So High“ kann jetzt im Radio laufen!","Ora ""So High"" è nella playlist della radio!","""So High"" foi adicionada à lista de reprodução de rádio!"
"SONG_UNLOCK_CORE","「Down with the Devil」已加入電台播放清單！","","¡Se ha añadido «Down with the Devil» a la lista de la radio!","Vous pouvez désormais écouter «&nbsp;Danser avec le diable&nbsp;» à la radio !","„Down with the Devil“ kann jetzt im Radio laufen!","Ora ""Down with the Devil"" è nella playlist della radio!","""Down with the Devil"" foi adicionada à lista de reprodução de rádio!"
"SONG_UNLOCK_DIMENSIONX","「Chaos」已加入電台播放清單！","","¡Se ha añadido «Chaos» a la lista de la radio!","Vous pouvez désormais écouter «&nbsp;Chaos&nbsp;» à la radio !","„Chaos“ kann jetzt im Radio laufen!","Ora ""Chaos"" è nella playlist della radio!","""Chaos"" foi adicionada à lista de reprodução de rádio!"
"SONG_UNLOCK_SCRAMBLED","「混亂重排」已加入電台播放清單！","","¡Se ha añadido «Scrambled» a la lista de la radio!","Vous pouvez désormais écouter «&nbsp;Brouillage&nbsp;» à la radio !","„Scrambled“ kann jetzt im Radio laufen!","Ora ""Scrambled"" è nella playlist della radio!","""Scrambled"" foi adicionada à lista de reprodução de rádio!"
"SONG_UNLOCK_KAIJUS","「Brush Your Teeth」已加入電台播放清單！","","¡Se ha añadido «Brush Your Teeth» a la lista de la radio!","Vous pouvez désormais écouter «&nbsp;Brosse-toi les dents&nbsp;» à la radio !","„Brush Your Teeth“ kann jetzt im Radio laufen!","Ora ""Brush Your Teeth"" è nella playlist della radio!","""Brush Your Teeth"" foi adicionada à lista de reprodução de rádio!"
"SONG_UNLOCK_LAB","「Endless Misery」已加入電台播放清單！","","¡Se ha añadido «Endless Misery» a la lista de la radio!","Vous pouvez désormais écouter «&nbsp;Misère éternelle&nbsp;» à la radio !","„Endless Misery“ kann jetzt im Radio laufen!","Ora ""Endless Misery"" è nella playlist della radio!","""Endless Misery"" foi adicionada à lista de reprodução de rádio!"
"SONG_UNLOCK_FUTURE","「Humanicide」已加入電台播放清單！","","¡Se ha añadido «Humanicide» a la lista de la radio!","Vous pouvez désormais écouter «&nbsp;Apocalypse&nbsp;» à la radio !","„Humanicide“ kann jetzt im Radio laufen!","Ora ""Humanicide"" è nella playlist della radio!","""Humanicide"" foi adicionada à lista de reprodução de rádio!"
"SONG_UNLOCK_ICEAGE","「Mom I Really Hate You」已加入電台播放清單！","","¡Se ha añadido «Mom I Really Hate You» a la lista de la radio!","Vous pouvez désormais écouter «&nbsp;Maman, je te déteste&nbsp;» à la radio !","„Mom I Really Hate You“ kann jetzt im Radio laufen!","Ora ""Mom I Really Hate You"" è nella playlist della radio!","""Mom I Really Hate You"" foi adicionada à lista de reprodução de rádio!"
"SONG_UNLOCK_THEEND","「We're Dead」已加入電台播放清單！","","¡Se ha añadido «We're Dead» a la lista de la radio!","Vous pouvez désormais écouter «&nbsp;On va tous mourir&nbsp;» à la radio !","„We're Dead“ kann jetzt im Radio laufen!","Ora ""We're Dead"" è nella playlist della radio!","""We're Dead"" foi adicionada à lista de reprodução de rádio!"
"SONG_UNLOCK_JURASSIC","「Tuff」已加入電台播放清單！","","¡Se ha añadido «Tuff» a la lista de la radio!","Vous pouvez désormais écouter «&nbsp;Tuf&nbsp;» à la radio !","„Tuff“ kann jetzt im Radio laufen!","Ora ""Tuff"" è nella playlist della radio!","""Tuff"" foi adicionada à lista de reprodução de rádio!"
"SONG_UNLOCK_THEINFINITE","「Angel Wings」已加入電台播放清單！","","¡Se ha añadido «Angel Wings» a la lista de la radio!","Vous pouvez désormais écouter «&nbsp;Ailes angéliques&nbsp;» à la radio !","„Angel Wings“ kann jetzt im Radio laufen!","Ora ""Angel Wings"" è nella playlist della radio!","""Angel Wings"" foi adicionada à lista de reprodução de rádio!"
"SONG_UNLOCK_FINALBOSS","「Dig Your Own Grave」已加入電台播放清單！","","¡Se ha añadido «Dig Your Own Grave» a la lista de la radio!","Vous pouvez désormais écouter «&nbsp;Continue de creuser&nbsp;» à la radio !","„Dig Your Own Grave“ kann jetzt im Radio laufen!","Ora ""Dig Your Own Grave"" è nella playlist della radio!","""Dig Your Own Grave"" foi adicionada à lista de reprodução de rádio!"
"SONG_UNLOCK_TERMINATOR","「Taser Paws」已加入電台播放清單！","","¡Se ha añadido «Taser Paws» a la lista de la radio!","Vous pouvez désormais écouter «&nbsp;Pattaser&nbsp;» à la radio !","„Taser Paws“ kann jetzt im Radio laufen!","Ora ""Taser Paws"" è nella playlist della radio!","""Taser Paws"" foi adicionada à lista de reprodução de rádio!"
"SONG_UNLOCK_HITLERIII","「Crack of Doom」已加入電台播放清單！","","¡Se ha añadido «Crack of Doom» a la lista de la radio!","Vous pouvez désormais écouter «&nbsp;Début de la fin&nbsp;» à la radio !","„Crack of Doom“ kann jetzt im Radio laufen!","Ora ""Crack of Doom"" è nella playlist della radio!","""Crack of Doom"" foi adicionada à lista de reprodução de rádio!"
"SONG_UNLOCK_CHAOS_FORWARD","「Crazy Days」已加入電台播放清單！","","¡Se ha añadido «Crazy Days» a la lista de la radio!","Vous pouvez désormais écouter «&nbsp;Période dingue&nbsp;» à la radio !","„Crazy Days“ kann jetzt im Radio laufen!","Ora ""Crazy Days"" è nella playlist della radio!","""Crazy Days"" foi adicionada à lista de reprodução de rádio!"
"SONG_UNLOCK_CHAOS_BACKWARD","「Bolt of Lightning」已加入電台播放清單！","","¡Se ha añadido «Bolt of Lightning» a la lista de la radio!","Vous pouvez désormais écouter «&nbsp;Éclair&nbsp;» à la radio !","„Bolt of Lightning“ kann jetzt im Radio laufen!","Ora ""Bolt of Lightning"" è nella playlist della radio!","""Bolt of Lightning"" foi adicionada à lista de reprodução de rádio!"
"","","","","","","",""
"ITEM_UNLOCK_GENERIC","「{item}」已解鎖！","","Se ha desbloqueado un objeto: ¡{item}!","«&nbsp;{item}&nbsp;» est maintenant disponible !","„{item}“ wurde freigeschaltet!","Hai sbloccato ""{item}""!","Item desbloqueado: ""{item}""!"
"","","","","","","",""
"CUTSCENE_GUILLOTINA_1","Guillotina 正朝你而來！","","¡Guillotina va a por ti!","Guillotina en a après vous !","Guillotina kommt, um dich zu holen!","Guillotina sta venendo a prenderti!","Guilhotina está vindo atrás de você!"
"CUTSCENE_GUILLOTINA_1_REMATCH","Guillotina 正朝你而來！","","¡Guillotina va a por ti!","Guillotina en a après vous !","Guillotina kommt, um dich zu holen!","Guillotina sta venendo a prenderti!","Guilhotina está vindo atrás de você!"
"CUTSCENE_GUILLOTINA_2","Guillotina 回來了！","","¡Guillotina vuelve!","Guillotina est revenue !","Guillotina kehrt zurück!","Guillotina sta tornando!","Guilhotina está voltando!"
"CUTSCENE_GUILLOTINA_2_REMATCH","Guillotina 回來了！","","¡Guillotina vuelve!","Guillotina est revenue !","Guillotina kehrt zurück!","Guillotina sta tornando!","Guilhotina está voltando!"
"CUTSCENE_GUILLOTINA_3","Guillotina 來復仇了！","","¡Guillotina tiene sed de venganza!","Guillotina cherche à se venger !","Guillotina hat es auf Rache abgesehen!","Guillotina vuole vendetta!","Guilhotina está em busca de vingança!"
"CUTSCENE_GUILLOTINA_3_REMATCH","Guillotina 來復仇了！","","¡Guillotina tiene sed de venganza!","Guillotina cherche à se venger !","Guillotina hat es auf Rache abgesehen!","Guillotina vuole vendetta!","Guilhotina está em busca de vingança!"
"CUTSCENE_PYROPHINA","普羅菲娜 正在趕來！","","¡Pyrophina está en camino!","Pyrophina est en chemin !","Pyrophina ist auf dem Weg!","Pyrophina è in arrivo!","Pyrophina está a caminho!"
"CUTSCENE_PYROPHINA_REMATCH","普羅菲娜 正在趕來！","","¡Pyrophina está en camino!","Pyrophina est en chemin !","Pyrophina ist auf dem Weg!","Pyrophina è in arrivo!","Pyrophina está a caminho!"
"CUTSCENE_ZARATANA","扎拉塔娜 正在趕來！","","¡Zaratana está en camino!","Zaratana est en chemin !","Zaratana ist auf dem Weg!","Zaratana è in arrivo!","Zaratana está a caminho!"
"CUTSCENE_ZARATANA_REMATCH","扎拉塔娜 正在趕來！","","¡Zaratana está en camino!","Zaratana est en chemin !","Zaratana ist auf dem Weg!","Zaratana è in arrivo!","Zaratana está a caminho!"
"CUTSCENE_KAIJUFIGHT","怪獸們把戰鬥帶到你面前了！","","¡Los kaijus te involucran en su enfrentamiento!","Les kaijus cherchent la bagarre !","Die Kaijus wollen kämpfen!","I kaijus vogliono combattere!","Os kaijus estão trazendo a luta até você!"
"CUTSCENE_KAIJUFIGHT_REMATCH","怪獸們把戰鬥帶到你面前了！","","¡Los kaijus te involucran en su enfrentamiento!","Les kaijus cherchent la bagarre !","Die Kaijus wollen kämpfen!","I kaijus vogliono combattere!","Os kaijus estão trazendo a luta até você!"
"CUTSCENE_TERMINATOR_1","C-800 正在追獵你！","","¡El C-800 te busca!","C-800 vous cherche !","Der C-800 ist auf der Suche nach dir!","Il C-800 ti cerca!","G-800 está procurando você!"
"CUTSCENE_TERMINATOR_1_REMATCH","C-800 正在追獵你！","","¡El C-800 te busca!","C-800 vous cherche !","Der C-800 ist auf der Suche nach dir!","Il C-800 ti cerca!","G-800 está procurando você!"
"CUTSCENE_TERMINATOR_2","C-1000 正在獵殺中！","","¡El C-1000 está al acecho!","C-1000 vous traque !","Der C-1000 geht auf Beutejagd!","Il C-1000 è in agguato!","G-1000 está à espreita!"
"CUTSCENE_TERMINATOR_2_REMATCH","C-1000 正在獵殺中！","","¡El C-1000 está al acecho!","C-1000 vous traque !","Der C-1000 geht auf Beutejagd!","Il C-1000 è in agguato!","G-1000 está à espreita!"
"CUTSCENE_TERMINATOR_3","希特勒回來了！","","¡Hitler ha vuelto!","Hitler est de retour !","Hitler ist zurückgekehrt!","Hitler è tornato!","Hitler voltou!"
"CUTSCENE_TERMINATOR_3_REMATCH","希特勒回來了！","","¡Hitler ha vuelto!","Hitler est de retour !","Hitler ist zurückgekehrt!","Hitler è tornato!","Hitler voltou!"
"","","","","","","",""
"//npc favor unlocks","","","","","","",""
"FAVOR_BEANIES_INTRO","一份特殊委託。","","Un encargo especial.","Un travail spécial.","Eine ganz besondere Aufgabe.","Un incarico speciale.","Um trabalho especial."
"FAVOR_BEANIES_REPEAT","一件支線任務道具。","","Un objeto de misión secundaria.","Un objet de quête secondaire.","Ein Gegenstand für eine Nebenquest.","Un oggetto per una missione secondaria.","Um item de missão secundária."
"FAVOR_BUTCH_UPGRADE","升級你的道具儲存空間。","","Mejora tu almacén de objetos.","Une amélioration pour le rangement de vos objets.","Wertet deinen Lagerplatz auf.","Potenzia il deposito oggetti.","Aprimore seu armazenamento de itens."
"FAVOR_TINK_BOW","這是祕密！","","¡Es un secreto!","C'est un secret !","Ein Geheimnis!","È un segreto!","É segredo!"
"FAVOR_TINK_TAGS","幫助整理貓咪的工具。","","Algo para ayudarte a organizar los gatos.","Quelque chose pour mieux organiser vos chats.","Etwas, das dir hilft, deine Katzen zu sortieren.","Qualcosa per aiutarti a organizzare i tuoi gatti.","Algo para ajudar você a organizar seus gatos."
"FAVOR_TINK_BASESTATS","幫助培育貓咪的資訊。","","Información para ayudarte a hacer que los gatos se apareen.","Des informations pour le croisement des chats.","Information über das Züchten von Katzen.","Informazioni per aiutarti ad allevare i gatti.","Informações para ajudar a cruzar gatos."
"FAVOR_TINK_INBREEDING","查看貓咪血統的方法。","","Una forma de comprobar la ascendencia de un gato.","Une manière d'en savoir plus sur la généalogie d'un chat.","Eine Möglichkeit, die Abstammung deiner Katzen anzuzeigen.","Un modo per verificare la discendenza di un gatto.","Uma forma de conferir a árvore genealógica do seu gato."
"FAVOR_TINK_AGRESSION","幫助理解貓咪個性的資訊。","","Información para comprender mejor la personalidad de un gato.","Des informations pour comprendre la personnalité d'un chat.","Infos über die Persönlichkeit deiner Katzen.","Informazioni per aiutarti a capire la personalità di un gatto.","Informações para ajudar você a compreender a personalidade de um gato."
"FAVOR_TINK_SEXUALITY","同志雷達。","","Gaydar.","Un gaydar.","Gaydar.","Gaydar.","Gaydar."
"FAVOR_TINK_RELATIONSHIPS","幫助理解貓咪關係的資訊。","","Información para comprender mejor las relaciones de un gato.","Des informations pour comprendre les relations d'un chat.","Infos über die Beziehungen deiner Katzen.","Informazioni per aiutarti a capire le relazioni di un gatto.","Informações para ajudar você a compreender os relacionamentos de um gato."
"FAVOR_TINK_MAX","25 枚硬幣","","25 monedas.","25&nbsp;pièces.","25&nbsp;Münzen","25 monete.","25 moedas."
"FAVOR_FRANK_ATTIC","一間閣樓。","","Un desván.","Un grenier.","Ein Dachboden.","Una soffitta.","Um sótão."
"FAVOR_FRANK_ROOM","你家中的另一個房間。","","Otra habitación para tu casa.","Une autre pièce dans votre maison.","Ein neues Zimmer für dein Haus.","Un'altra stanza per la tua casa.","Outro cômodo para a sua casa."
"FAVOR_FRANK_PARASITE","一種隨機寄生蟲。","","Un parásito al azar.","Un parasite au hasard.","Ein zufälliger Parasit.","Un parassita casuale.","Um parasita aleatório."
"FAVOR_JACK_UPGRADE","更多可購買家具。","","Más muebles a la venta.","Plus de meubles à vendre.","Mehr Möbel zum Verkauf.","Altri mobili in vendita.","Mais móveis à venda."
"FAVOR_JACK_MAX","提升商店出現稀有家具的機率。","","Aumenta la probabilidad de que haya muebles inusuales en la tienda.","Augmentation de la probabilité de meubles rares dans la boutique.","Erhöht die Wahrscheinlichkeit für seltene Möbel im Shop.","Aumenta la probabilità di trovare mobili rari nel negozio.","Aumenta a chance de móveis raros na loja."
"FAVOR_TRACY_FOOD","補進一箱食物。","","Pone a la venta una caja de comida.","Garde une boîte de nourriture.","Bietet eine Futterbox zum Verkauf an.","Contiene una scatola di cibo.","Armazena uma caixa de comida."
"FAVOR_TRACY_COLLAR","補進一個空白項圈。","","Pone a la venta un collar en blanco.","Garde un collier vierge.","Bietet ein leeres Halsband zum Verkauf an.","Contiene un collare in bianco.","Armazena uma coleira vazia."
"FAVOR_TRACY_IDOL","補進一個特殊家具神像。","","Pone a la venta un ídolo, un mueble especial.","Garde une idole spéciale.","Bietet ein besonderes Idol zum Verkauf an.","Contiene un idolo d'arredamento speciale.","Armazena um ídolo de móvel especial."
"FAVOR_TRACY_RARE","以便宜價格補進一件隨機稀有道具。","","Pone a la venta un objeto inusual barato al azar.","Garde un objet rare aléatoire pour pas cher.","Bietet einen zufälligen seltenen Gegenstand zum Sonderpreis an.","Contiene un oggetto raro casuale a basso prezzo.","Armazena um item raro aleatório de baixo custo."
"FAVOR_GRINDER_UPGRADE","從失敗冒險中回收更多物資。","","Recupera más cosas de las partidas perdidas.","Récupère plus d'objets des parties perdues.","Rettet mehr Gegenstände nach verlorenen Abenteuern.","Recupera più oggetti dalle partite fallite.","Recupera mais coisas de partidas perdidas."
"FAVOR_GRINDER_SYRINGE","一支隨機病症針劑。","","Una jeringuilla que inflige un trastorno al azar.","Une seringue d'un trouble au hasard.","Eine Spritze mit einer zufälligen Krankheit.","Una siringa per un disturbo casuale.","Uma seringa com um transtorno aleatório."
